ID;Category;Name;Description
1;Emotional Well-being;Self-Esteem;Building confidence and a positive self-image.
2;Emotional Well-being;Resilience;Developing the ability to recover quickly from difficulties.
3;Emotional Well-being;Empathy;Cultivating an understanding and sensitivity to the emotions of others.
4;Emotional Well-being;Addiction-Free;Working towards living without dependence on substances or harmful behaviors.
5;Emotional Well-being;Mental Health;Prioritizing psychological well-being and stress management.
6;Emotional Well-being;Emotional Intelligence;Understanding and managing one's own emotions and the emotions of others.
7;Emotional Well-being;Optimism;The tendency to be hopeful and to see the best in future outcomes.
8;Emotional Well-being;Forgiveness;The action or process of forgiving or being forgiven, letting go of anger and resentment.
9;Emotional Well-being;Self-Awareness;Conscious knowledge of one's own character, feelings, motives, and desires.
10;Emotional Well-being;Compassion;Feeling and showing sympathy and concern for others.
11;Emotional Well-being;Generosity;Being willing to offer time, energy, efforts, or assets without expecting something in return.
12;Emotional Well-being;Positivity;The practice of being or tendency to be positive or optimistic in attitude.
13;Emotional Well-being;Vulnerability;The quality or state of being exposed to the possibility of being attacked or harmed, either physically or emotionally.
14;Emotional Well-being;Serenity;The state of being calm, peaceful, and untroubled.
15;Emotional Well-being;Joyfulness;Taking delight or pleasure in life's activities and experiences.
16;Intellectual Growth;Critical Thinking;Improving analytical skills and the ability to reason clearly.
17;Intellectual Growth;Creativity;Cultivating innovation and original thought.
18;Intellectual Growth;Problem-Solving Skills;Enhancing the ability to find solutions to difficult or complex issues.
19;Intellectual Growth;Resourcefulness;The ability to find quick and clever ways to overcome difficulties.
20;Intellectual Growth;Curiosity;A strong desire to know or learn something, seeking out new experiences and knowledge.
21;Intellectual Growth;Inquisitiveness;A state of active curiosity, wanting to know more about things.
22;Intellectual Growth;Wisdom;The quality of having experience, knowledge, and good judgment.
23;Social Skills;Communication Skills;Enhancing both listening and expression capabilities.
24;Social Skills;Social Skills;Building better relationships and social interactions.
25;Social Skills;Leadership;Developing the ability to guide and inspire others.
26;Social Skills;Empathy;Cultivating an understanding and sensitivity to the emotions of others.
27;Social Skills;Tolerance;The ability or willingness to tolerate the existence of opinions or behavior that one dislikes or disagrees with.
28;Social Skills;Assertiveness;Learning to express one's thoughts and feelings in a confident and respectful manner.
29;Social Skills;Loyalty;A strong feeling of support or allegiance to someone or something.
30;Social Skills;Authenticity;The quality of being authentic or genuine.
31;Personal Discipline;Discipline;Improving self-control and the ability to stick to commitments.
32;Personal Discipline;Time Management;Learning to manage one's time effectively for productivity and balance.
33;Personal Discipline;Self-Discipline;The ability to control and motivate oneself, stay on track and do what is right.
34;Personal Discipline;Financial Literacy;Improving skills related to managing and investing money.
35;Personal Discipline;Patience;Developing the capacity to accept or tolerate delay, trouble, or suffering without getting angry or upset.
36;Personal Discipline;Adaptability;Becoming more flexible and accepting of change.
37;Personal Discipline;Ambition;A strong desire to do or achieve something, typically requiring determination and hard work.
38;Personal Discipline;Perseverance;Steadfastness in doing something despite difficulty or delay in achieving success.
39;Personal Discipline;Independence;The ability to be self-reliant and free from the influence or control of others.
40;Spiritual/Philosophical Development;Gratitude;Cultivating a sense of thankfulness and appreciation for life.
41;Spiritual/Philosophical Development;Spirituality;Exploring and deepening one's spiritual beliefs and practices.
42;Spiritual/Philosophical Development;Integrity;Adherence to moral and ethical principles, soundness of moral character, honesty.
43;Spiritual/Philosophical Development;Bravery/Courage;Confronting fear, pain, danger, uncertainty, or intimidation.
44;Spiritual/Philosophical Development;Mindfulness;Practicing presence and awareness of the moment.
45;Spiritual/Philosophical Development;Humility;Recognizing one's limitations and maintaining a modest perspective.
46;Spiritual/Philosophical Development;Balance;The ability to maintain emotional and lifestyle equilibrium under different circumstances.
47;Spiritual/Philosophical Development;Presence;The state or fact of existing, occurring, or being present in a place or thing.
48;Spiritual/Philosophical Development;Responsibility;The state or fact of having a duty to deal with something or of having control over someone.
49;Physical Health;Physical Health;Focusing on fitness, diet, and overall physical well-being.
50;Physical Health;Adaptability;Being able to adjust to new conditions or changes.
51;Humor;Humor;The quality of being amusing or comic, especially as expressed in literature or speech.
